﻿<?xml version="1.0" encoding="UTF-8" ?>
<Strings>
	<Version>1.0</Version>
	<Lang Name="简体中文">
		<String Name="DictName" Value="网易有道词典"/>
		<String Name="DictTabText" Value="词典"/>
		<String Name="TransTabText" Value="翻译"/>
		<String Name="WBTabText" Value="单词本"/>
		<String Name="DocTransTabText" Value="文档翻译"/>
		<String Name="AsrTabText" Value="同传"/>
		<String Name="ClassTabText" Value="英语提升"/>
		<String Name="ManualTransTabText" Value="人工翻译"/>
		<String Name="WriterTabText" Value="有道写作"/>
		<String Name="GetWordOptText" Value="取词"/>
		<String Name="StrkWordOptText" Value="划词"/>
		<String Name="InputDefaultText" Value="请输入您要查询的单词…"/>
		<String Name="DocTransText" Value="文档翻译"/>
		<String Name="YdGrammarText" Value="英文批改"/>
		<String Name="GrammarText" Value="有道批改"/>
		<String Name="GrammarWndText" Value="有道英文批改"/>
		<String Name="ScrshotTransText" Value="截屏翻译"/>
		<String Name="DocContactText" Value="联系客服"/>
		<String Name="SearchText" Value="查  询"/>
		<String Name="DefFirstPageInfoEng" Value="Don't forget, a person's greatest emotional need is to feel appreciated."/>
		<String Name="DefFirstPageInfoChn" Value="莫忘记，人类情感上最大的需要是感恩。"/>
		<String Name="AdvTag" Value="广告"/>
		<String Name="AdvRegisterVip" Value="VIP去广告>"/>
		<String Name="LoginDictName" Value="网易有道词典"/>
		<String Name="LoginTip" Value="使用此功能，请先登录"/>
		<String Name="LoginNamePlaceholder" Value="请输入您的网易通行证"/>
		<String Name="LoginPWPlaceholder" Value="请输入密码"/>
		<String Name="LoginAuto" Value="自动登录"/>
		<String Name="LoginSkip" Value="不再提醒"/>
		<String Name="LoginForgetPW" Value="忘记密码？"/>
		<String Name="LoginButtonText" Value="登录"/>
		<String Name="LoginRegisterText" Value="注册"/>
		<String Name="LoginMobileText" Value="手机验证码登录"/>
		<String Name="LoginOtherLogin" Value="其他登录方式"/>
		<String Name="LoginDefaultUserName" Value="无名氏"/>
		<String Name="LoginInfoWB" Value="我的单词本"/>
		<String Name="LoginInfoSync" Value="同步"/>
		<String Name="LoginInfoVIPRegist" Value="开通VIP"/>
		<String Name="LoginInfoVIPCenter" Value="会员中心"/>
		<String Name="LoginInfoProfile" Value="个人信息"/>
		<String Name="LoginInfoInvest" Value="满意度调查"/>
		<String Name="LoginInfoOut" Value="注销登录"/>
		<String Name="MenuGetWord" Value="屏幕取词"/>
		<String Name="MenuStroke" Value="划词翻译"/>
		<String Name="MenuExit" Value="退出"/>
		<String Name="MenuFeedback" Value="意见反馈"/>
		<String Name="MenuSetting" Value="设置"/>
		<String Name="LangSelectorDefaultText" Value="请选择"/>
		<String Name="LangMostUsed" Value="最常使用"/>
		<String Name="LangCustom" Value="指定语言"/>
		<String Name="LangAuto" Value="自动检测语言"/>
		<String Name="LangEng" Value="英汉互译"/>
		<String Name="LangJap" Value="日汉互译"/>
		<String Name="LangFrc" Value="法汉互译"/>
		<String Name="LangKor" Value="韩汉互译"/>
		<String Name="LangGmn" Value="德汉互译"/>
		<String Name="LangRss" Value="俄汉互译"/>
		<String Name="LangPtg" Value="葡汉互译"/>
		<String Name="LangSpn" Value="西汉互译"/>
		<String Name="LangAr" Value="阿拉伯文"/>
		<String Name="LangSq" Value="阿尔巴尼亚文"/>
		<String Name="LangAm" Value="阿姆哈拉文"/>
		<String Name="LangAz" Value="阿塞拜疆文"/>
		<String Name="LangGa" Value="爱尔兰文"/>
		<String Name="LangEt" Value="爱沙尼亚文"/>
		<String Name="LangEu" Value="巴斯克文"/>
		<String Name="LangBe" Value="白俄罗斯文"/>
		<String Name="LangBg" Value="保加利亚文"/>
		<String Name="LangIs" Value="冰岛文"/>
		<String Name="LangPl" Value="波兰文"/>
		<String Name="LangBs" Value="波斯尼亚文(拉丁文)"/>
		<String Name="LangFa" Value="波斯文"/>
		<String Name="LangDa" Value="丹麦文"/>
		<String Name="LangDe" Value="德文"/>
		<String Name="LangRu" Value="俄文"/>
		<String Name="LangFr" Value="法文"/>
		<String Name="LangTl" Value="菲律宾文"/>
		<String Name="LangFi" Value="芬兰文"/>
		<String Name="LangFy" Value="弗里斯兰文"/>
		<String Name="LangKm" Value="高棉文"/>
		<String Name="LangKa" Value="格鲁吉亚文"/>
		<String Name="LangGu" Value="古吉拉特文"/>
		<String Name="LangKk" Value="哈萨克文"/>
		<String Name="LangHt" Value="海地文"/>
		<String Name="LangKo" Value="韩文"/>
		<String Name="LangHa" Value="豪萨文"/>
		<String Name="LangNl" Value="荷兰文"/>
		<String Name="LangKy" Value="吉尔吉斯坦文"/>
		<String Name="LangGl" Value="加利西亚文"/>
		<String Name="LangCa" Value="加泰罗尼亚文"/>
		<String Name="LangCs" Value="捷克文"/>
		<String Name="LangKn" Value="卡纳达文"/>
		<String Name="LangCo" Value="科西嘉文"/>
		<String Name="LangTlh" Value="克林贡文"/>
		<String Name="LangHr" Value="克罗地亚文"/>
		<String Name="LangOtq" Value="克洛塔罗乙巳文"/>
		<String Name="LangKu" Value="库尔德文"/>
		<String Name="LangLa" Value="拉丁文"/>
		<String Name="LangLv" Value="拉脱维亚文"/>
		<String Name="LangLo" Value="老挝文"/>
		<String Name="LangLt" Value="立陶宛文"/>
		<String Name="LangLb" Value="卢森堡文"/>
		<String Name="LangRo" Value="罗马尼亚文"/>
		<String Name="LangMg" Value="马尔加什文"/>
		<String Name="LangMt" Value="马耳他文"/>
		<String Name="LangMr" Value="马拉地文"/>
		<String Name="LangMl" Value="马拉雅拉姆文"/>
		<String Name="LangMs" Value="马来文"/>
		<String Name="LangMk" Value="马其顿文"/>
		<String Name="LangMi" Value="毛利文"/>
		<String Name="LangMn" Value="蒙古语"/>
		<String Name="LangBn" Value="孟加拉文"/>
		<String Name="LangMy" Value="缅甸文"/>
		<String Name="LangMww" Value="苗族昂山土文"/>
		<String Name="LangHmn" Value="苗族文"/>
		<String Name="LangXh" Value="南非科萨文"/>
		<String Name="LangZu" Value="南非祖鲁文"/>
		<String Name="LangNe" Value="尼泊尔文"/>
		<String Name="LangNo" Value="挪威文"/>
		<String Name="LangPa" Value="旁遮普文"/>
		<String Name="LangPt" Value="葡萄牙文"/>
		<String Name="LangPs" Value="普什图文"/>
		<String Name="LangNy" Value="齐切瓦文"/>
		<String Name="LangJa" Value="日文"/>
		<String Name="LangSv" Value="瑞典文"/>
		<String Name="LangSm" Value="萨摩亚文"/>
		<String Name="LangSr-Latn" Value="塞尔维亚文(拉丁文)"/>
		<String Name="LangSr-Cyrl" Value="塞尔维亚文(西里尔文)"/>
		<String Name="LangSt" Value="塞索托文"/>
		<String Name="LangSi" Value="僧伽罗文"/>
		<String Name="LangEo" Value="世界文"/>
		<String Name="LangSk" Value="斯洛伐克文"/>
		<String Name="LangSl" Value="斯洛文尼亚文"/>
		<String Name="LangSw" Value="斯瓦希里文"/>
		<String Name="LangGd" Value="苏格兰盖尔文"/>
		<String Name="LangSo" Value="索马里文"/>
		<String Name="LangTg" Value="塔吉克文"/>
		<String Name="LangTe" Value="泰卢固文"/>
		<String Name="LangTa" Value="泰米尔文"/>
		<String Name="LangTh" Value="泰文"/>
		<String Name="LangTr" Value="土耳其文"/>
		<String Name="LangCy" Value="威尔士文"/>
		<String Name="LangUr" Value="乌尔都文"/>
		<String Name="LangUk" Value="乌克兰语"/>
		<String Name="LangUz" Value="乌兹别克文"/>
		<String Name="LangEs" Value="西班牙文"/>
		<String Name="LangHe" Value="希伯来文"/>
		<String Name="LangEl" Value="希腊文"/>
		<String Name="LangHaw" Value="夏威夷文"/>
		<String Name="LangSd" Value="信德文"/>
		<String Name="LangHu" Value="匈牙利文"/>
		<String Name="LangSn" Value="修纳文"/>
		<String Name="LangCeb" Value="宿务文"/>
		<String Name="LangHy" Value="亚美尼亚文"/>
		<String Name="LangIg" Value="伊博文"/>
		<String Name="LangIt" Value="意大利文"/>
		<String Name="LangYi" Value="意第绪文"/>
		<String Name="LangHi" Value="印地文"/>
		<String Name="LangId" Value="印度尼西亚文"/>
		<String Name="LangIdShort" Value="印尼文"/>
		<String Name="LangSu" Value="印尼巽他文"/>
		<String Name="LangJw" Value="印尼爪哇文"/>
		<String Name="LangEn" Value="英文"/>
		<String Name="LangYua" Value="尤卡坦玛雅文"/>
		<String Name="LangYo" Value="约鲁巴文"/>
		<String Name="LangVi" Value="越南文"/>
		<String Name="LangZh-CHS" Value="中文"/>
		<String Name="LangZh-CHS2" Value="中文简体"/>
		<String Name="LangZh-CHT" Value="中文(繁体)"/>
		<String Name="LangZh-CHT2" Value="中文繁体"/>
		<String Name="StrokeWinTitle" Value="划词"/>
		<String Name="PopupTitle" Value="网易有道词典-每日推荐"/>
		<String Name="PopupNormalTitle" Value="有道词典-每日推荐"/>
		<String Name="PopupWinTitle" Value="新闻早知道"/>
		<String Name="ShowMainWnd" Value="显示主窗口"/>
		<String Name="ShowTop" Value="总在最前"/>
		<String Name="ShowMiniWnd" Value="显示迷你窗口"/>
		<String Name="BalloonUpdateDownloaded" Value="更新安装包下载完成，请重新启动程序来安装更新。"/>
		<String Name="BalloonFindNewDict" Value="发现了新版的有道词典，请联系系统管理员进行更新。"/>
		<String Name="BalloonNeedClosePdf" Value="您打开了PDF阅读器，这样会导致PDF屏幕取词模块更新不成功,请关闭阅读器后重启软件。"/>
		<String Name="BalloonMinToTray" Value="您可以点击托盘图标来打开程序"/>
		<String Name="BalloonNoFlash" Value="您没有安装Flash播放器，为了能够正常使用词典发音和视频例句功能，请点此下载最新版本"/>
		<String Name="BalloonOpenCloseScrTrans" Value="右键点击本图标，开关屏幕取词\n快捷键: F8"/>
		<String Name="BalloonScrTransClosed" Value="屏幕取词已关闭"/>
		<String Name="BalloonUpdating" Value="有道词典正在后台更新"/>
		<String Name="BalloonUpdateReady" Value="更新安装包下载完成，请点击此处启动新的词典。"/>
		<String Name="MsgOpenHotKeyFailed" Value="检测到以下热键冲突：打开有道词典"/>
		<String Name="MsgScrTransHotKeyFailed" Value="检测到以下热键冲突：打开和关闭划词功能"/>
		<String Name="MsgStrokeHotKeyFailed" Value="检测到以下热键冲突：打开和关闭划词功能"/>
		<String Name="MsgMiniHotKeyFailed" Value="检测到以下热键冲突：打开和关闭mini窗口"/>
		<String Name="MsgScreenCaptureHotKeyFailed" Value="检测到以下热键冲突：截屏翻译"/>
		<String Name="MsgInstallChromePlugin" Value="点击安装取词插件，重启后即可大大提升Chrome浏览器内屏幕取词准确度。"/>
		<String Name="MsgInstall360Plugin" Value="点击安装取词插件，重启后即可大大提升360极速浏览器内屏幕取词准确度。"/>
		<String Name="MsgInstall360SafePlugin" Value="点击安装取词插件，重启后即可大大提升360安全浏览器内屏幕取词准确度。"/>
		<String Name="MsgInstallMx3Plugin" Value="点击安装取词插件，重启后即可大大提升傲游浏览器内屏幕取词准确度。"/>
		<String Name="MsgInstallSougouPlugin" Value="点击安装取词插件，重启后即可大大提升搜狗浏览器内屏幕取词准确度。"/>
		<String Name="MsgInstallLiebaoPlugin" Value="点击安装取词插件，重启后即可大大提升猎豹安全浏览器内屏幕取词准确度。"/>
		<String Name="MsgInstallQQPlugin" Value="点击安装取词插件，重启后即可大大提升QQ浏览器内屏幕取词准确度。"/>
		<String Name="MsgInstallBaiduPlugin" Value="点击安装取词插件，重启后即可大大提升百度浏览器内屏幕取词准确度。"/>
		<String Name="MsgUpdateDone" Value="更新文件已经下载到本地，马上重新启动有道词典完成更新吗？"/>
		<String Name="MsgUpdateHint" Value="更新提示"/>
		<String Name="MsgEnableDebug" Value="Debug模式开启!"/>
		<String Name="MsgDisableDebug" Value="Debug模式关闭!"/>
		<String Name="MiniTitle" Value="迷你窗口"/>
		<String Name="MsgSoundHotKeyFailed" Value="检测到以下热键冲突：单词发音"/>
		<String Name="MsgADDWordHotKeyFailed" Value="检测到以下热键冲突：添加/删除单词"/>
		<String Name="MbOk" Value="确定"/>
		<String Name="MbCancel" Value="取消"/>
		<String Name="HistoryToWB" Value="导入单词本"/>
		<String Name="HistoryClear" Value="清空"/>
		<String Name="ScreenCapStartTip" Value="按住鼠标左键选择翻译区域鼠标右键或Esc键退出截屏"/>
		<String Name="ScreenCapStartTran" Value="正在联网识别并翻译…"/>
		<String Name="ScreenCapNoResult" Value="对不起，没有识别出任何文字"/>
		<String Name="ScreenCapNoSize" Value="无法进行有效识别"/>
		<String Name="ScreenCapNoNet" Value="抱歉，网络连接失败"/>
		<String Name="ScreenCapNoNettip" Value="请您网络恢复后重新尝试截屏翻译"/>
		<String Name="ScreenCapContentOri" Value="原文"/>
		<String Name="ScreenCapContentTra" Value="译文"/>
		<String Name="ScreenCapHoverTip" Value="截屏翻译"/>
		<String Name="YdGrammarHoverTip" Value="最好用的英文写作助手"/>
		<String Name="SCRButtonCopy" Value="复制译文"/>
		<String Name="SCRButtonEdit" Value="编辑译文"/>
		<String Name="SCRButtonReCap" Value="重新截屏"/>
		<String Name="SCRButtonExit" Value="退出截屏"/>
		<String Name="DocTraning" Value="联网翻译中,请稍候..."/>
		<String Name="DocOffline" Value="无法连接到网络,请稍候再试"/>
		<String Name="DocSize" Value="支持10M内的Word和PDF文档"/>
		<String Name="DocErrorTip" Value="文档解析失败"/>
		<String Name="DocException" Value="未知错误"/>
		<String Name="DocErrorNofile" Value="未能获取有效的文档"/>
		<String Name="DocErrorFileUsed" Value="很抱歉，该文档已在其他程序中打开，请关闭后重试"/>
		<String Name="DocErrorFormat" Value="文档扩展名不合法"/>
		<String Name="DocErrorParsefail" Value="文档解析失败"/>
		<String Name="DocErrorUntrans" Value="很抱歉，我们没有解析出任何文字，没有办法为您翻译该文档"/>
		<String Name="DocErrorSize" Value="很抱歉，无法解析该文档"/>
		<String Name="DocErrorJsonfail" Value="保存文档翻译结果失败"/>
		<String Name="DocErrorServer" Value="服务器发生内部错误"/>
		<String Name="DocErrorNologin" Value="未登录用户"/>
		<String Name="DocLangDefault" Value="检测到"/>
		<String Name="DocLeTip" Value="抱歉,目前仅支持中英互译"/>
		<String Name="DocDragTip" Value="释放鼠标上传文档"/>
		<String Name="DocDrag" Value="将文档拖拽到此区域上传"/>
		<String Name="DocSelect" Value="选择文档"/>
		<String Name="DocTran" Value="翻译文档"/>
		<String Name="DocOpenAgain" Value="重新选择"/>
		<String Name="DocReturn" Value="返回"/>
		<String Name="DocCancle" Value="取消"/>
		<String Name="DocExport" Value="导出文档"/>
		<String Name="DocFeedback" Value="联系我们"/>
		<String Name="GrammarFeedback" Value="意见反馈"/>
		<String Name="DocManual" Value="试试人工翻译"/>
		<String Name="DocChange" Value="更改"/>
		<String Name="DocFreeQuota" Value="免费导出余量：0.00万字符"/>
		<String Name="DocInstallAddIn" Value="安装插件"/>
		<String Name="DocTranHoverTip" Value="支持10M以内的Word和PDF文档&#xA;中英互译。"/>
		<String Name="DocAfterSearchTip" Value="支持PDF和Word文档中英互译,&#xA;快来试用吧！"/>
		<String Name="DocAddCtxMenuTip" Value="您经常使用该功能，是否将其&#xA;添加到系统右键?"/>
		<String Name="DocAddCtxMenuYes" Value="添加"/>
		<String Name="DocAddCtxMenuNo" Value="不再提醒"/>
		<String Name="DocManualTransHoverTip" Value="专业译员随时待命&#xA;最快1分钟返回精准译文"/>
		<String Name="DocOfficeAddInHoverTip" Value="为Word安装文档翻译插件&#xA;实现文档一键翻译"/>
		<String Name="DocFormatConver" Value="很抱歉，我们目前不支持doc格式的文档翻译，&#xA;请转换为docx格式再尝试"/>
		<String Name="DTUnLoginTipFirst" Value="登录后使用文档翻译，翻译记录会保存在您账号下哟，"/>
		<String Name="DTUnLoginTipSecond" Value="随时下载译文!"/>
		<String Name="DTNoListTipFirst" Value="您还未使用过文档翻译功能哟"/>
		<String Name="DTNoListTipSecond" Value="快来试试，一键翻译，快速导出译文文档"/>
		<String Name="DTLogin" Value="立即登录"/>
		<String Name="DTLoginSkip" Value="跳过登录"/>
		<String Name="DTLoginWndTipFirst" Value="已登录情况下使用文档翻译，可永久保存您的"/>
		<String Name="DTLoginWndTipSecond" Value="文档翻译记录，更可无限下载！"/>
		<String Name="DTHistoryListName" Value="我的文档翻译"/>
		<String Name="DTHistoryName" Value="文档名称"/>
		<String Name="DTHistoryPrice" Value="费用"/>
		<String Name="DTHistoryTime" Value="支付时间"/>
		<String Name="DTHistoryDeleteItem" Value="确定要删除《%s》 &#xA;这条记录吗？&#xA;&#xA;删除后不可恢复哟"/>
		<String Name="DTDragTip" Value="将文档拖拽到此区域上传 (.pdf /.docx /.doc)"/>
		<String Name="DTItemDownloadTip" Value="下载译文"/>
		<String Name="DTItemDeteleTip" Value="删除该记录"/>
		<String Name="HandInputTip" Value="请用鼠标/手写板输入"/>
		<String Name="HandInputRecogTip" Value="识别结果"/>
		<String Name="HandInputRecogHoverTip" Value="点击选字"/>
		<String Name="WBAllCategory" Value="所有分组"/>
		<String Name="WBNoCategory" Value="未分组单词"/>
		<String Name="WBCategoryManage" Value="管理"/>
		<String Name="WBOrderNewOld" Value="新旧排序"/>
		<String Name="WBOrderOldNew" Value="旧新排序"/>
		<String Name="WBOrderAZ" Value="字母A-Z排序"/>
		<String Name="WBOrderZA" Value="字母Z-A排序"/>
		<String Name="WBOrderByWord" Value="字母排序"/>
		<String Name="WBOrderReviewFast" Value="复习进度快-慢排序"/>
		<String Name="WBOrderReviewSlow" Value="复习进度慢-快排序"/>
		<String Name="WBOrderByReview" Value="复习进度排序"/>
		<String Name="WBOrderRandom" Value="随机排序"/>
		<String Name="WBSettingMng" Value="批量管理"/>
		<String Name="WBSettingCategory" Value="分组管理"/>
		<String Name="WBSettingAdd" Value="添加单词"/>
		<String Name="WBSettingIO" Value="导入导出"/>
		<String Name="WBSettingLike" Value="偏好设置"/>
		<String Name="WBSettingImport" Value="导入单词"/>
		<String Name="WBSettingExport" Value="导出单词"/>
		<String Name="WBRBMenuDel" Value="删除单词"/>
		<String Name="WBRBMenuEdit" Value="编辑单词"/>
		<String Name="WBRBMenuMove" Value="移动到"/>
		<String Name="WBRBMenuCopy" Value="复制到"/>
		<String Name="WBRBMenuNoReview" Value="不再复习"/>
		<String Name="WBReviewDisOrder" Value="乱序显示"/>
		<String Name="WBList" Value="列表"/>
		<String Name="WBCard" Value="卡片"/>
		<String Name="WBReview" Value="复习"/>
		<String Name="WBCardFast" Value="快速"/>
		<String Name="WBCardMedium" Value="中速"/>
		<String Name="WBCardSlow" Value="慢速"/>
		<String Name="WBSearchDefaultInput" Value="搜索单词本"/>
		<String Name="TipLogo" Value="返回首页"/>
		<String Name="TipPrev" Value="前一个"/>
		<String Name="TipNext" Value="后一个"/>
		<String Name="TipLogin" Value="登录"/>
		<String Name="TipLoginInfo" Value="菜单"/>
		<String Name="TipMiniMode" Value="MINI模式"/>
		<String Name="TipMinimum" Value="最小化"/>
		<String Name="TipMaximum" Value="最大化;还原"/>
		<String Name="TipClose" Value="关闭"/>
		<String Name="TipCopy" Value="复制"/>
		<String Name="TipMore" Value="更多功能"/>
		<String Name="TipMoreSample" Value="更多"/>
		<String Name="TipClear" Value="清空"/>
		<String Name="TipHistory" Value="历史"/>
		<String Name="TipHandInput" Value="手写"/>
		<String Name="TipFixWnd" Value="点击固定;点击取消固定"/>
		<String Name="TipToMainWnd" Value="回到主窗口"/>
		<String Name="TipSound" Value="发音"/>
		<String Name="TipPreference" Value="偏好设置"/>
		<String Name="TipSync" Value="同步"/>
		<String Name="TipPlayWb" Value="播放"/>
		<String Name="TipPauseWb" Value="暂停"/>
		<String Name="TipSearch" Value="搜索"/>
		<String Name="TipHide" Value="隐藏"/>
		<String Name="TipReset" Value="清除"/>
		<String Name="TipUndo" Value="撤销上一笔"/>
		<String Name="ScreenCaptureSrcLang" Value="源语种"/>
	    <String Name="SrcLangAuto" Value="自动检测"/>
		<String Name="MiniTip" Value="试试把迷你窗口停靠至桌面边缘，可以自动隐藏"/>
		<String Name="TWMOpenScreen" Value="开启取词功能"/>
		<String Name="TWMOpenStroke" Value="开启划词功能"/>
		<String Name="TWMCloseScreen" Value="关闭取词功能"/>
		<String Name="TWMCloseStroke" Value="关闭划词功能"/>
		<String Name="TWMOpenSetting" Value="更多设置"/>
		<String Name="UpdateInfoTitle" Value="网易有道词典提示"/>
		<String Name="UpdateInfoUpdating" Value="正在更新，请稍等..."/>
		<String Name="UpdateInfoUnavailable" Value="当前版本已经是最新版本！"/>
		<String Name="UpdateInfoOk" Value="确定"/>
		<String Name="UpdateInfoRestart" Value="立即重启"/>
		<String Name="UpdateInfoNotRestart" Value="暂不重启"/>
		<String Name="UpdateInfoFinish" Value="网易有道词典更新完成，是否重启词典?"/>
		<String Name="NotifyDlgTitle" Value="提示"/>
		<String Name="NMTModelDlgOnlineMsg" Value="下载离线翻译数据包，无网络也可以尽情翻译啦！"/>
		<String Name="NMTModelDlgOfflineMsg" Value="你知道吗?提前下载离线翻译数据包,没有网络也可以&#xA;畅享翻译!"/>
		<String Name="NMTModelDlgOkOnline" Value="立即下载"/>
		<String Name="NMTModelDlgCancelOnline" Value="暂不下载"/>
		<String Name="NMTModelDlgOkOffline" Value="去看看"/>
		<String Name="NMTModelDlgCancelOffline" Value="不再提醒"/>
		<String Name="Ydwebster" Value="韦氏词典:38.4M:89686:usual"/>
		<String Name="YdBaseEC"  Value="英汉超大离线词库:19.7M:856436:usual"/>
		<String Name="YdBaseCE"  Value="汉英超大离线词库:23.2M:1096816:usual"/>
		<String Name="voiceUS"   Value="美式离线语音库:40.3M:19463:usual"  />
        <String Name="voiceUK"  Value="英式离线语音库:35.9M:19241:usual"  />	
		<String Name="Ydec21" Value="21世纪大英汉词典:82.1M:379682:usual"/>
		<String Name="Ydee"  Value="英英释义:45.9M:81419:usual" />
		<String Name="Ydphrs" Value="词组短语:5.9M:25516:usual"  />
		<String Name="Ydsyno" Value="同近义词:7.6M:117952:usual"  />
		<String Name="Ydcenew" Value="新汉英大辞典:34.3M:365981:usual" />
		<String Name="Ydhh"  Value="现代汉语大词典:27.3M:110199:usual" />
		<String Name="YdmaterialSci"  Value="材料科学:0.5M:22844:specialty" />
		<String Name="Ydsurmap"   Value="测绘科学技术:0.5M:14024:specialty "  />
		<String Name="YdearthSci"   Value="地球科学:3.5M:120882:specialty" />
		<String Name="YdeleComm"    Value="电子、通信与自动控制技术:6.4M:134903:specialty" />
		<String Name="Ydpowele"   Value="动力与电气工程:1.1M:53781:specialty"  />
		<String Name="Ydlaw"  Value="法学:3.1M:34929:specialty"   />
		<String Name="YdtextileSci" Value="纺织科学技术:0.2M:11677:specialty"    />
		<String Name="Ydmanage"  Value="管理学:0.7M:18587:specialty" />
		<String Name="YdaeroSci"    Value="航空、航天科学技术:1.0M:29012:specialty" />
		<String Name="Ydchemisty"   Value="化学:4.4M:91368:specialty" />
		<String Name="YdenvironSci" Value="环境科学技术:1.7M:22611:specialty"/>
		<String Name="YdcomputerSci" Value="计算机科学技术:9.4M:197130:specialty"/>
		<String Name="Ydmachine"   Value="机械工程:5.4M:129227:specialty"  />
		<String Name="Ydtraffic"   Value="交通运输工程:4.3M:132753:specialty"  />
		<String Name="Ydeducation" Value="教育学:0.2M:7696:specialty"/>
		<String Name="Ydeconomic"  Value="经济学:9.1M:222482:specialty"/>
		<String Name="Ydmilitary"  Value="军事学:0.4M:14222:specialty"/>
		<String Name="Ydhistory"   Value="历史学:0.7M:6800:specialty"  />
		<String Name="YdenergySci" Value="能源科学技术:5.0M:131627:specialty" />
		<String Name="YdfarmSci"   Value="农业科学:3.9M:51612:specialty" />
		<String Name="Ydcommerce"  Value="商业:0.2M:8479:specialty" />
		<String Name="Ydshoot"     Value="摄影:0.1M:3914:specialty" />
		<String Name="Ydbiol"  Value="生物学:4.8M:161248:specialty"/>
		<String Name="YdfoodSci"   Value="食品科学技术:0.4M:14557:specialty"/>
		<String Name="Ydmath"  Value="数学:2.0M:67628:specialty"  />
		<String Name="Ydwaterpro"  Value="水利工程:0.5M:7862:specialty" />
		<String Name="Ydphysical"  Value="体育:0.7M:15389:specialty" />
		<String Name="Ydastronomy" Value="天文学:0.4M:14405:specialty" />
		<String Name="Ydcivilengine" Value="土木建筑工程:2.9M:60097:specialty" />
		<String Name="Ydliterature" Value="文学:1.7M:12517:specialty"/>
		<String Name="YdPhysics"  Value="物理学:2.4M:77761:specialty" />
		<String Name="Ydpsychic"    Value="心理学:0.7M:19578:specialty" />
		<String Name="Ydjourcomm"   Value="新闻学与传播学:0.2M:9874:specialty" />
		<String Name="Ydmetall"     Value="冶金工程技术:0.1M:7936:specialty" />
		<String Name="YdmedicalSci" Value="医药科学:8.9M:151429:specialty" />
		<String Name="Ydart"  Value="艺术学:1.2M:14130:specialty"/>
		<String Name="Ydprint"  Value="印刷、复印技术:0.1M:4403:specialty" />
		<String Name="Ydphilology"  Value="语言学:1.1M:14463:specialty"/>
		<String Name="Ydphilosophy" Value="哲学:0.4M:3493:specialty" />
		<String Name="Ydpolitics"   Value="政治学:0.1M:3034:specialty"/>
		<String Name="YdnaturalSci" Value="自然科学:0.1M:1701:specialty" />
        <String Name="Ydreligious" Value="宗教学:0.2M:2993:specialty" />
	</Lang>
</Strings>