﻿<?xml version="1.0" encoding="UTF-8" ?>
<WBSettingIO>
	<Version>1.0</Version>
	<WinHeight>60</WinHeight>
	<WinWidth>130</WinWidth>
	<Layout>
		<VBoxLayout SizePolicy="Spring;Spring" Background="#E5E5E5">
		<Space Name="TopFrame" Size="1"/>
		<HBoxLayout SizePolicy="Spring;Spring">
		<Space Name="LeftFrame" Size="1"/>
		
		<VBoxLayout Name="RootLayout" Background="#FFFFFF" SizePolicy="Spring;Spring">
			<MenuItem Name="WBSettingImport" SizePolicy="Spring;Fix" Height="30" Background="#FFFFFF;#FDF3F3" Text="@WBSettingImport" TextColor="#333333;#D20A0A" FontFamily="微软雅黑" FontSize="12" TextMargin="28" />
			<MenuItem Name="WBSettingExport" SizePolicy="Spring;Fix" Height="30" Background="#FFFFFF;#FDF3F3" Text="@WBSettingExport" TextColor="#333333;#D20A0A" FontFamily="微软雅黑" FontSize="12" TextMargin="28" />
			<Spring/>
		</VBoxLayout>
		
		<Space Name="RightFrame" Size="1"/>
		</HBoxLayout>
		<Space Name="BottomFrame" Size="1"/>
		</VBoxLayout>
	</Layout>
</WBSettingIO>