﻿<?xml version="1.0" encoding="UTF-8"?>
<versions>
	<main>1490</main>
	<modules>
		<module><name>Acrobat2Dict.dll</name><ver>40</ver></module>
		<module><name>CrashRpt.dll</name><ver>190</ver></module>
		<module><name>InstallDaemon.exe</name><ver>120</ver></module>
		<module><name>InstallHelper.exe.new</name><ver>1</ver></module>
		<module><name>Monitor.exe</name><ver>210</ver></module>
		<module><name>OcrInfo.xml</name><ver>1</ver></module>
		<module><name>TextExtractorImpl32.dll</name><ver>310</ver></module>
		<module><name>TextExtractorImpl64.dll</name><ver>310</ver></module>
		<module><name>WordStrokeHelper32.dll</name><ver>170</ver></module>
		<module><name>WordStrokeHelper64.dll</name><ver>170</ver></module>
		<module><name>XDLL.dll</name><ver>40</ver></module>
		<module><name>YodaoDict.api</name><ver>50</ver></module>
		<module><name>YodaoDict.exe.new</name><ver>1490</ver></module>
		<module><name>YodaoDict7.api</name><ver>50</ver></module>
		<module><name>YoudaoCookieAssist.exe</name><ver>20</ver></module>
		<module><name>YoudaoDict.exe.new</name><ver>1490</ver></module>
		<module><name>YoudaoDictHelper.exe</name><ver>1490</ver></module>
		<module><name>YoudaoDictInstaller.exe</name><ver>1490</ver></module>
		<module><name>YoudaoDictPlugin.mxaddon</name><ver>10</ver></module>
		<module><name>YoudaoEH.exe</name><ver>70</ver></module>
		<module><name>YoudaoGetWord32.dll</name><ver>170</ver></module>
		<module><name>YoudaoGetWord64.dll</name><ver>170</ver></module>
		<module><name>YoudaoIE.exe</name><ver>90</ver></module>
		<module><name>YoudaoOcr.exe</name><ver>1</ver></module>
		<module><name>YoudaoWSH.exe</name><ver>60</ver></module>
		<module><name>cef.pak</name><ver>70</ver></module>
		<module><name>d3dcompiler_43.dll</name><ver>70</ver></module>
		<module><name>d3dcompiler_46.dll</name><ver>100</ver></module>
		<module><name>doc.tpl</name><ver>10</ver></module>
		<module><name>en-US.pak</name><ver>30</ver></module>
		<module><name>ffmpegsumo.dll</name><ver>100</ver></module>
		<module><name>icudt.dll</name><ver>90</ver></module>
		<module><name>libEGL.dll</name><ver>140</ver></module>
		<module><name>libGLESv2.dll</name><ver>140</ver></module>
		<module><name>libcef.dll</name><ver>150</ver></module>
		<module><name>libjpeg.dll</name><ver>1</ver></module>
		<module><name>libpng.dll</name><ver>40</ver></module>
		<module><name>libtiff.dll</name><ver>40</ver></module>
		<module><name>libzplay.dll</name><ver>10</ver></module>
		<module><name>localdicts</name><ver>110</ver></module>
		<module><name>otherskins</name><ver>290</ver></module>
		<module><name>recognition</name><ver>10</ver></module>
		<module><name>res</name><ver>660</ver></module>
		<module><name>resultui</name><ver>1490</ver></module>
		<module><name>skins</name><ver>1490</ver></module>
		<module><name>text_extractor_host.exe</name><ver>100</ver></module>
		<module><name>text_extractor_host_manifest.json</name><ver>40</ver></module>
		<module><name>uninst.exe.new</name><ver>1490</ver></module>
		<module><name>wordaddin</name><ver>360</ver></module>
		<module><name>yocr.dll</name><ver>10</ver></module>
		<module><name>zlib1.dll</name><ver>20</ver></module>
	</modules>
	<addins>
	</addins>
</versions>
